{"train_perplexity": [29408.469651472406, 5281.247794186704, 990.9006804159437, 353.9820596165902, 237.0533835684202, 177.65309072970945, 124.62563578972662, 84.7096117798851, 57.490194384477626, 40.23279497939072, 28.415970306658682, 20.59142418038602, 15.413917536898468, 11.845423636047382, 9.284702725445776, 7.376132111177048, 6.021920805084354, 4.99898257726191, 4.211015391621326, 3.6088084981045276], "val_perplexity": [38560.18254636053, 29056.20391880428, 28350.8945243578, 40478.901030449364, 63537.76200707533, 94659.36174386492, 142433.27753230912, 215716.68576889017, 336011.32364527584, 533536.4554442613, 834511.5313529241, 1336599.3393884075, 2138908.238554317, 3453891.87181458, 5455670.936925386, 8700916.637082, 13523247.874536123, 21067148.25973412, 30998486.939389884, 44595938.1469264], "cross_entropy_train_loss": [10.289037995222138, 8.571917673436607, 6.8986143077292095, 5.869246232800368, 5.468285362894942, 5.179832720175022, 4.82531432989167, 4.439229075501605, 4.051614400817127, 3.6946824585519185, 3.3469513218577314, 3.024874687194824, 2.7352708374581685, 2.4719416019393177, 2.228368177646544, 1.9982493970452286, 1.795406279040546, 1.609234407180693, 1.4377038042719772, 1.2833776619376205], "cross_entropy_val_loss": [10.55997548279939, 10.276987299507047, 10.252413861545516, 10.608536155135543, 11.059389685407098, 11.458040060820403, 11.866628941194511, 12.281721185754847, 12.72490013970269, 13.18728267999343, 13.634601840266475, 14.105639139811197, 14.575806087917751, 15.055012231991615, 15.512166164539478, 15.978938938658914, 16.419920827135627, 16.863225430618098, 17.249448952851473, 17.61315333990403], "correlation_train_loss": [1.6160509062976371, 0.6876905487804879, 0.26202197191191884, 0.17362316643319478, 0.3603768697599085, 1.0070111344500285, 1.8755924876143293, 2.654750917016006, 3.2756500244140625, 3.7030271204506477, 4.057222691977897, 4.314178838962462, 4.492451365401105, 4.618706679925686, 4.73203891661109, 4.785323352348514, 4.861481829387386, 4.853901560713605, 4.90967280690263, 4.939573706650153], "correlation_val_loss": [1.085219499541492, 0.3560879637555378, 0.18958290611825337, 0.15021780060558784, 0.28519214071878574, 0.6323061221983375, 1.0295858615782203, 1.388737934391673, 1.703751168599943, 1.9771382401629192, 2.206736122689596, 2.4065771335508765, 2.5563490332626717, 2.712952962735804, 2.8486117851443407, 2.981150557355183, 3.1209041316334796, 3.2651151331459602, 3.443064619855183, 3.652278993187881], "whitening_train_loss": [0.6264149270406584, 0.5589317228735947, 0.5743514735524248, 0.6002690385027629, 0.6154420433974848, 0.6938963169004859, 0.8646283963831459, 1.0490700326314786, 1.214946374660585, 1.3419332736875953, 1.4503933045922257, 1.534796738043064, 1.589035220262481, 1.6344267682331364, 1.6766422550852706, 1.7022639949147294, 1.725779091439596, 1.7228103265529726, 1.7378884292230374, 1.7565536499023438], "whitening_val_loss": [0.5450563198182641, 0.5515295354331412, 0.5830267929449314, 0.6054779145775772, 0.6050289433176924, 0.6543437678639482, 0.7461439458335318, 0.8387748904344512, 0.933590400509718, 1.0283791146627286, 1.1017617946717797, 1.1701702024878524, 1.2158935360792207, 1.2748273523842417, 1.3262748718261719, 1.3764570282726754, 1.4469845469405012, 1.5135317546565359, 1.6329448048661395, 1.755212179044398]}