{"train_perplexity": [29408.469651472406, 5281.247794186704], "val_perplexity": [38560.18254636053, 29056.20391880428], "cross_entropy_train_loss": [10.289037995222138, 8.571917673436607], "cross_entropy_val_loss": [10.55997548279939, 10.276987299507047], "correlation_train_loss": [1.6160509062976371, 0.6876905487804879], "correlation_val_loss": [1.085219499541492, 0.3560879637555378], "whitening_train_loss": [0.6264149270406584, 0.5589317228735947], "whitening_val_loss": [0.5450563198182641, 0.5515295354331412]}